strain	length	A	C	G	T	N	other_IUPAC	-	?	invalid_nucleotides
KX000089_1933|1933	11277	3196	2793	2744	0	0	0	3	0	2541
KJ469600_1933|1933	11277	3197	2800	2743	0	0	0	3	0	2534
KJ469583_1934|1934	11277	3196	2798	2744	0	0	0	3	0	2536
KJ469566_1935|1935	11277	3196	2799	2743	0	0	0	3	0	2536
KJ469609_1953|1953	11277	3194	2798	2747	0	0	0	3	0	2535
AY722102_2004|2004	11277	3198	2792	2746	0	0	0	3	0	2538
KX000218_1973|1973-10-01	11277	3194	2807	2746	0	0	0	3	0	2527
KX000099_1969|1969	11277	3198	2803	2744	0	0	0	3	0	2529
KJ469635_1969|1969	11277	3197	2804	2744	0	0	0	3	0	2529
EF568607_1960|1960	11277	3197	2795	2745	0	0	0	3	0	2537
KJ469599_1960|1960	11277	3196	2796	2741	0	0	0	3	0	2541
KX000120_1971|1971-08-23	11277	3186	2795	2751	0	0	0	6	0	2539
KX000114_1971|1971-08-28	11277	3187	2795	2750	0	0	0	6	0	2539
KX000078_1971|1971-08-24	11277	3187	2794	2750	0	0	0	6	0	2540
KJ469617_1979|1979	11277	3182	2794	2751	0	0	0	3	0	2547
KJ469611_1977|1977	11277	3183	2795	2751	0	0	0	3	0	2545
KJ469603_1951|1951	11277	3196	2795	2748	0	0	0	3	0	2535
KX000069_1974|1974-09-05	11277	3186	2806	2755	0	0	0	3	0	2527
KJ469567_1974|1974	11277	3186	2806	2755	0	0	0	3	0	2527
KX000053_1974|1974-09-12	11277	3186	2807	2755	0	0	0	3	0	2526
KX000047_1975|1975-07-16	11277	3186	2807	2755	0	0	0	3	0	2526
KX000065_1974|1974-09-05	11277	3186	2807	2756	0	0	0	3	0	2525
KX000066_1974|1974-09-04	11277	3185	2806	2755	0	0	0	3	0	2528
KJ469630_1990|1990	11277	3186	2809	2752	0	0	0	3	0	2527
KJ469624_1984|1984	11277	3183	2801	2757	0	0	0	3	0	2533
KJ469579_1982|1982	11277	3180	2808	2759	0	0	0	3	0	2527
KU840369_1986|1986-01-02	11277	3185	2800	2756	0	0	0	3	0	2533
KJ469575_1996|1996	11277	3180	2799	2760	0	0	0	3	0	2535
KJ469563_1996|1996	11277	3181	2801	2760	0	0	0	3	0	2532
KU840378_1994|1994-04-06	11277	3184	2815	2757	0	0	0	3	0	2518
EF151502_1993|1993	11277	3187	2809	2753	0	0	0	3	0	2525
U01034_1982|1982	11277	3188	2808	2747	0	0	0	6	0	2528
SL19-1584_S34_2019|2019-08-29	11277	3184	2806	2751	2533	0	0	3	0	0
ARB15MS330238_S4_2015|2015-06-25	11277	3186	2809	2750	2529	0	0	3	0	0
ARB15MS260175_S6_2015|2015-07-28	11277	3187	2809	2749	2529	0	0	3	0	0
ARB15MS260105_S5_2015|2015-07-06	11277	3185	2809	2750	2529	0	1	3	0	0
ARB15MS260353_S12_2015|2015-09-23	11277	3185	2807	2750	2532	0	0	3	0	0
RAB15ANI05065-01-00_S10_2015|2015-09-12	11277	3187	2796	2753	2538	0	0	3	0	0
KX029273_2009|2009-08-19	11277	3183	2800	2754	0	0	0	3	0	2537
KX000182_2004|2004-09-07	11277	3184	2800	2753	0	0	0	3	0	2537
KX000095_2004|2004-09-02	11277	3183	2800	2754	0	0	0	3	0	2537
KX000091_2004|2004-09-17	11277	3184	2800	2752	0	0	0	3	0	2538
KX000051_2003|2003-09-25	11277	3182	2801	2755	0	0	0	3	0	2536
KU840335_2002|2002-12-18	11277	3181	2798	2756	0	0	0	3	0	2539
KJ469571_2003|2003	11277	3180	2798	2757	0	0	0	3	0	2539
KU840320_2003|2003-07-28	11277	3183	2802	2756	0	0	0	3	0	2533
KJ469625_2009|2009	11277	3186	2803	2751	0	0	0	3	0	2534
KU840297_2008|2008-06-25	11277	3185	2806	2752	0	0	0	3	0	2531
KX000160_2014|2014-09-01	11277	3178	2804	2759	0	0	0	3	0	2533
KX000111_2014|2014-09-02	11277	3179	2805	2758	0	0	0	3	0	2532
KX000137_2014|2014-08-27	11277	3180	2804	2758	0	0	0	3	0	2532
KX000135_2014|2014-07-16	11277	3181	2803	2757	0	0	0	3	0	2533
KX000092_2014|2014-07-31	11277	3180	2804	2758	0	0	0	3	0	2532
ARB15MS370406_S7_2015|2015-07-27	11277	3180	2805	2758	2531	0	0	3	0	0
KX000072_2014|2014-08-21	11277	3181	2803	2757	0	0	0	3	0	2533
KX000076_2014|2014-09-03	11277	3172	2794	2751	0	0	0	36	0	2524
KU840360_2010|2010-07-22	11277	3180	2807	2755	0	0	0	3	0	2532
ARB19MS510595_S24_2019|2019-07-31	11277	3180	2799	2756	2539	0	0	3	0	0
RAB16ANI05362-01-00_S14_2016|2016-08-23	11277	3189	2802	2749	2534	0	0	3	0	0
KJ469650_2009|2009	11277	3187	2804	2751	0	0	0	3	0	2532
KX000071_2013|2013-09-12	11277	3191	2805	2747	0	0	0	3	0	2531
KU840294_2010|2010-06-14	11277	3188	2808	2749	0	0	0	3	0	2529
KJ469627_2003|2003	11277	3182	2812	2754	0	0	0	3	0	2526
AY705240_1997|1997-08-01	11277	3184	2806	2753	0	0	0	3	0	2531
KJ469620_2006|2006	11277	3181	2803	2757	0	0	0	3	0	2533
KX029317_2011|2011-09-15	11277	3188	2799	2752	0	0	0	3	0	2535
KX029301_2011|2011-09-14	11277	3188	2799	2751	0	0	0	3	0	2536
KX029291_2012|2012-09-18	11277	3188	2798	2751	0	0	0	3	0	2537
KX029248_2012|2012-08-09	11277	3188	2798	2751	0	0	0	3	0	2537
KX029236_2012|2012-09-05	11277	3188	2797	2751	0	0	0	3	0	2538
KX029275_2011|2011-09-13	11277	3187	2799	2751	0	0	0	3	0	2537
KX029298_2011|2011-09-15	11277	3188	2798	2752	0	0	0	3	0	2536
KX029281_2009|2009-10-09	11277	3188	2801	2751	0	0	0	3	0	2534
KX029293_2013|2013-09-17	11277	3190	2797	2750	0	0	0	3	0	2537
KX000157_2013|2013-08-08	11277	3188	2802	2750	0	0	0	3	0	2534
KX000146_2012|2012-08-17	11277	3188	2803	2751	0	0	0	3	0	2532
KX000050_2012|2012-09-08	11277	3186	2803	2753	0	0	0	3	0	2532
KT153580_2012|2012-08-07	11277	3185	2803	2752	0	0	0	3	0	2534
KT153581_2012|2012-09-18	11277	3187	2802	2752	0	0	0	3	0	2533
KX029230_2014|2014-09-23	11277	3186	2799	2749	0	0	0	3	0	2540
KX000075_2008|2008-08-05	11277	3185	2801	2753	0	0	0	3	0	2535
KX000230_2012|2012-07-23	11277	3187	2798	2753	0	0	0	3	0	2536
KU840347_2009|2009-03-16	11277	3187	2803	2750	0	0	0	3	0	2534
KU840328_2005|2005-06-06	11277	3187	2806	2750	0	0	0	3	0	2531
KJ469615_2003|2003	11277	3183	2804	2755	0	0	0	3	0	2532
KU840319_2003|2003-06-02	11277	3187	2805	2752	0	0	0	3	0	2530
KU840306_2003|2003-05-26	11277	3179	2799	2749	0	0	0	27	0	2523
KJ469604_2009|2009	11277	3185	2798	2753	0	0	0	3	0	2538
KU840361_2010|2010-05-09	11277	3189	2806	2751	0	0	0	3	0	2528
KU840323_2014|2014-06-23	11277	3188	2804	2751	0	0	0	3	0	2531
KX029316_2012|2012-08-22	11277	3183	2800	2752	0	0	0	3	0	2539
KX029296_2012|2012-08-01	11277	3184	2801	2751	0	0	0	3	0	2538
KX029287_2012|2012-09-14	11277	3184	2802	2751	0	0	0	3	0	2537
KX029306_2012|2012-08-14	11277	3183	2800	2752	0	0	0	3	0	2539
KX029270_2012|2012-09-02	11277	3183	2798	2752	0	0	0	3	0	2541
KX029313_2010|2010-07-12	11277	3181	2800	2753	0	0	0	3	0	2540
KX029264_2010|2010-09-08	11277	3181	2800	2753	0	0	0	3	0	2540
KX029284_2010|2010-07-20	11277	3181	2801	2753	0	0	0	3	0	2539
KX029271_2010|2010-09-01	11277	3181	2800	2753	0	0	0	3	0	2540
KX029311_2010|2010-07-27	11277	3181	2800	2752	0	0	0	3	0	2541
KX029308_2010|2010-08-04	11277	3182	2801	2752	0	0	0	3	0	2539
KX029277_2010|2010-07-14	11277	3182	2801	2752	0	0	0	3	0	2539
KX029286_2009|2009-09-15	11277	3182	2802	2752	0	0	0	3	0	2538
KX029234_2008|2008-09-30	11277	3182	2802	2752	0	0	0	3	0	2538
KX029299_2008|2008-09-16	11277	3182	2801	2752	0	0	0	3	0	2539
KX029263_2008|2008-08-14	11277	3181	2799	2753	0	0	0	3	0	2541
KX029243_2009|2009-09-14	11277	3181	2801	2753	0	0	0	3	0	2539
KX029304_2011|2011-10-20	11277	3181	2803	2752	0	0	0	3	0	2538
KX029295_2012|2012-08-13	11277	3183	2802	2751	0	0	0	3	0	2538
KX029288_2012|2012-07-23	11277	3182	2802	2752	0	0	0	3	0	2538
KX029258_2012|2012-08-21	11277	3182	2802	2752	0	0	0	3	0	2538
KX029257_2011|2011-08-17	11277	3182	2802	2752	0	0	0	3	0	2538
KX029250_2012|2012-07-25	11277	3182	2802	2752	0	0	0	3	0	2538
KX029238_2012|2012-07-09	11277	3182	2802	2752	0	0	0	3	0	2538
KX029233_2012|2012-08-16	11277	3182	2803	2752	0	0	0	3	0	2537
KX029255_2011|2011-07-19	11277	3183	2801	2752	0	0	0	3	0	2538
KX029278_2008|2008-09-05	11277	3180	2802	2753	0	0	0	3	0	2539
KX029240_2010|2010-08-30	11277	3182	2801	2751	0	0	0	3	0	2540
KX029267_2011|2011-09-26	11277	3184	2803	2751	0	0	0	3	0	2536
KX029254_2011|2011-09-14	11277	3183	2803	2752	0	0	0	3	0	2536
KX029244_2012|2012-07-25	11277	3182	2803	2752	0	0	0	3	0	2537
KX029282_2009|2009-08-17	11277	3180	2801	2753	0	0	0	3	0	2540
KX000184_2014|2014-09-24	11277	3185	2793	2756	0	0	0	3	0	2540
KJ469649_2006|2006	11277	3187	2803	2749	0	0	0	3	0	2535
KU840357_2010|2010-07-11	11277	3184	2798	2753	0	0	0	3	0	2539
KU840372_2008|2008-10-03	11277	3187	2804	2752	0	0	0	3	0	2531
KU840344_2008|2008-07-21	11277	3184	2803	2753	0	0	0	3	0	2534
KX000197_2013|2013-08-07	11277	3179	2810	2757	0	0	0	3	0	2528
ARB19MS370212_S23_2019|2019-07-08	11277	3187	2801	2755	2531	0	0	3	0	0
ARB19MS330484_S3_2019|2019-08-15	11277	3187	2801	2754	2532	0	0	3	0	0
KX000225_2003|2003-09-24	11277	3186	2800	2756	0	0	0	3	0	2532
KX000153_2003|2003-09-24	11277	3186	2800	2756	0	0	0	3	0	2532
KU840371_2003|2003-06-18	11277	3185	2801	2752	0	0	0	3	0	2536
KU840337_2001|2001-12-23	11277	3183	2802	2754	0	0	0	3	0	2535
KU840330_2003|2003-04-25	11277	3182	2803	2757	0	0	0	3	0	2532
HM210098_2003|2003-04-02	11277	3183	2801	2755	0	0	0	3	0	2535
KU840365_1992|1992-06-10	11277	3182	2799	2756	0	0	0	5	0	2535
HM210093_1992|1992-06-10	11277	3183	2799	2757	0	0	0	3	0	2535
KU840353_1991|1991-09-19	11277	3186	2801	2754	0	0	0	3	0	2533
AY705241_1991|1991-06-01	11277	3183	2801	2755	0	0	0	3	0	2535
KU840318_1992|1992-06-25	11277	3183	2803	2754	0	0	0	3	0	2534
KJ469605_1992|1992	11277	3183	2803	2754	0	0	0	3	0	2534
KJ469644_2001|2001	11277	3181	2809	2756	0	0	0	3	0	2528
KJ469629_2001|2001	11277	3180	2809	2756	0	0	0	3	0	2529
KJ469607_1990|1990	11277	3182	2802	2757	0	0	0	3	0	2533
KJ469564_1988|1988	11277	3181	2804	2756	0	0	0	3	0	2533
HM210094_1992|1992-08-17	11277	3182	2801	2757	0	0	0	3	0	2534
KJ469612_1998|1998	11277	3176	2802	2756	0	0	0	3	0	2540
KJ469608_1998|1998	11277	3175	2803	2756	0	0	0	3	0	2540
KX000144_2003|2003-09-29	11277	3178	2805	2755	0	0	0	3	0	2536
KJ469633_2000|2000	11277	3178	2803	2756	0	0	0	3	0	2537
KJ469570_2001|2001	11277	3175	2806	2757	0	0	0	3	0	2536
KU840379_2002|2002-11-01	11277	3184	2810	2755	0	0	0	3	0	2525
KJ469592_2002|2002	11277	3184	2810	2755	0	0	0	3	0	2525
KJ469560_2001|2001	11277	3182	2810	2756	0	0	0	3	0	2526
KU840314_2003|2003-07-14	11277	3185	2807	2753	0	0	0	3	0	2529
KU840373_2001|2001-07-12	11277	3180	2802	2758	0	0	0	3	0	2534
KU840336_2008|2008-04-21	11277	3180	2798	2757	0	0	0	3	0	2539
KU840321_2009|2009-06-23	11277	3179	2798	2758	0	0	0	3	0	2539
KU840299_2008|2008-05-06	11277	3177	2798	2758	0	0	0	3	0	2541
KU840322_2002|2002-05-15	11277	3177	2801	2761	0	0	0	3	0	2535
KU840293_2005|2005-05-22	11277	3179	2799	2757	0	0	0	3	0	2539
KU840346_2001|2001-07-24	11277	3183	2800	2754	0	0	0	3	0	2537
KJ469621_2003|2003	11277	3179	2802	2760	0	0	0	3	0	2533
KU840308_2005|2005-06-28	11277	3182	2796	2756	0	0	0	3	0	2540
KU840343_2002|2002-11-07	11277	3180	2806	2756	0	0	0	3	0	2532
KU840377_2004|2004-12-11	11277	3179	2799	2757	0	0	0	3	0	2539
KU840370_2002|2002-07-23	11277	3177	2800	2759	0	0	0	3	0	2538
KU840334_2010|2010-08-25	11277	3176	2801	2760	0	0	0	3	0	2537
15347-19_S82_2019|2019-10-10	11277	3177	2803	2761	2533	0	0	3	0	0
10838-19_S61_2019|2019-08-21	11277	3177	2803	2761	2533	0	0	3	0	0
12606-19_S70_2019|2019-09-04	11277	3178	2803	2760	2533	0	0	3	0	0
12388-19_S69_2019|2019-09-03	11277	3177	2804	2761	2532	0	0	3	0	0
10579-19_S60_2019|2019-08-20	11277	3177	2802	2761	2534	0	0	3	0	0
8117-19_S54_2019|2019-07-31	11277	3177	2803	2760	2534	0	0	3	0	0
13289-19_S72_2019|2019-09-11	11277	3176	2801	2761	2535	0	1	3	0	0
11854-19_S67_2019|2019-08-28	11277	3177	2811	2759	2527	0	0	3	0	0
10898-19_S62_2019|2019-08-21	11277	3177	2811	2759	2527	0	0	3	0	0
11548-19_S65_2019|2019-08-27	11277	3176	2810	2760	2528	0	0	3	0	0
KU840295_2003|2003-08-22	11277	3181	2805	2755	0	0	0	3	0	2533
KX000145_2003|2003-10-02	11277	3180	2807	2758	0	0	0	3	0	2529
KU840316_2001|2001-10-17	11277	3178	2803	2760	0	0	0	3	0	2533
KJ469572_2001|2001	11277	3178	2803	2760	0	0	0	3	0	2533
KU840310_2001|2001-08-15	11277	3178	2802	2759	0	0	0	3	0	2535
KX000163_2003|2003-09-24	11277	3182	2797	2756	0	0	0	3	0	2539
KX000079_2003|2003-09-24	11277	3182	2799	2756	0	0	0	3	0	2537
KX000169_2002|2002-10-07	11277	3177	2800	2757	0	0	0	3	0	2540
KU840329_2003|2003-04-01	11277	3180	2802	2757	0	0	0	3	0	2535
KU840356_2003|2003-06-10	11277	3183	2799	2758	0	0	0	3	0	2534
KJ469594_2003|2003	11277	3183	2799	2758	0	0	0	3	0	2534
KU840367_2002|2002-10-30	11277	3190	2789	2753	0	0	0	3	0	2542
KJ469585_2002|2002	11277	3191	2789	2752	0	0	0	3	0	2542
KU840366_2001|2001-08-13	11277	3192	2800	2751	0	0	0	3	0	2531
KX029318_2012|2005-08-17	11277	3179	2805	2760	0	0	0	3	0	2530
KX029292_2006|2006-07-31	11277	3179	2806	2760	0	0	0	3	0	2529
KX029259_2004|2004-08-04	11277	3179	2806	2760	0	0	0	3	0	2529
KX029246_2004|2004-07-28	11277	3179	2806	2760	0	0	0	3	0	2529
KX029261_2005|2005-07-25	11277	3178	2806	2761	0	0	0	3	0	2529
KX029280_2005|2005-09-05	11277	3179	2806	2760	0	0	0	3	0	2529
KX029272_2004|2004-08-18	11277	3179	2805	2760	0	0	0	3	0	2530
KX029310_2006|2006-08-14	11277	3180	2805	2759	0	0	0	3	0	2530
KX029231_2006|2006-08-02	11277	3179	2804	2760	0	0	0	3	0	2531
KX029251_2005|2005-08-08	11277	3178	2806	2760	0	0	0	3	0	2530
KX029305_2006|2006-08-14	11277	3179	2805	2759	0	0	0	3	0	2531
KX029249_2004|2004-08-18	11277	3179	2805	2759	0	0	0	3	0	2531
KX029314_2007|2007-08-13	11277	3181	2804	2759	0	0	0	3	0	2530
KX029300_2007|2007-09-26	11277	3180	2805	2759	0	0	0	3	0	2530
KX029241_2007|2007-10-05	11277	3180	2806	2759	0	0	0	3	0	2529
KX029237_2006|2006-08-02	11277	3179	2808	2760	0	0	0	3	0	2527
KX029315_2005|2005-09-27	11277	3180	2806	2758	0	0	0	3	0	2530
KX029253_2006|2006-10-02	11277	3180	2805	2759	0	0	0	3	0	2530
KX029247_2006|2006-08-11	11277	3179	2805	2759	0	0	0	3	0	2531
KX029276_2006|2006-07-17	11277	3178	2804	2761	0	0	0	3	0	2531
KX029262_2006|2006-07-26	11277	3178	2803	2761	0	0	0	3	0	2532
KX029265_2004|2004-09-24	11277	3181	2805	2759	0	0	0	3	0	2529
KX000229_2006|2006-08-24	11277	3173	2804	2762	0	0	0	3	0	2535
KX000190_2006|2006-09-13	11277	3173	2803	2762	0	0	0	3	0	2536
KX000147_2006|2006-08-08	11277	3173	2803	2762	0	0	0	3	0	2536
KX000112_2006|2006-08-17	11277	3173	2803	2762	0	0	0	3	0	2536
KX000188_2006|2006-07-26	11277	3174	2803	2761	0	0	0	3	0	2536
KX000176_2006|2006-09-11	11277	3173	2802	2762	0	0	0	3	0	2537
KX000097_2006|2006-09-14	11277	3174	2803	2761	0	0	0	3	0	2536
KX000068_2006|2006-08-03	11277	3173	2804	2762	0	0	0	3	0	2535
KX000057_2006|2006-07-26	11277	3173	2802	2762	0	0	0	3	0	2537
KX000150_2006|2006-08-16	11277	3173	2805	2762	0	0	0	3	0	2534
KX000087_2007|2007-07-26	11277	3174	2802	2761	0	0	0	3	0	2537
KX000081_2006|2006-09-21	11277	3173	2801	2762	0	0	0	3	0	2538
KX000187_2006|2006-08-15	11277	3174	2802	2762	0	0	0	3	0	2536
KX000088_2006|2006-08-28	11277	3176	2802	2760	0	0	0	3	0	2536
KX000186_2006|2006-08-10	11277	3174	2803	2762	0	0	0	3	0	2535
KX000055_2006|2006-09-27	11277	3174	2803	2760	0	0	0	3	0	2537
KX000214_2004|2004-09-09	11277	3174	2802	2761	0	0	0	3	0	2537
KX000203_2004|2004-07-30	11277	3174	2802	2761	0	0	0	3	0	2537
KX000193_2003|2003-09-16	11277	3174	2802	2761	0	0	0	3	0	2537
KX000061_2004|2004-08-17	11277	3174	2804	2761	0	0	0	3	0	2535
KX000098_2005|2005-07-19	11277	3173	2803	2762	0	0	0	3	0	2536
KX000052_2005|2005-08-18	11277	3173	2802	2762	0	0	0	3	0	2537
KX000199_2005|2005-08-21	11277	3173	2803	2762	0	0	0	3	0	2536
KX000170_2005|2005-07-19	11277	3173	2803	2762	0	0	0	3	0	2536
KX000104_2006|2006-09-19	11277	3173	2802	2762	0	0	0	3	0	2537
KX000077_2005|2005-09-24	11277	3174	2803	2761	0	0	0	3	0	2536
KJ469643_2005|2005	11277	3172	2803	2763	0	0	0	3	0	2536
KX000119_2003|2003-09-25	11277	3175	2802	2761	0	0	0	3	0	2536
KX000207_2006|2006-09-19	11277	3175	2802	2761	0	0	0	3	0	2536
KX000141_2004|2004-09-14	11277	3175	2804	2761	0	0	0	3	0	2534
KX000198_2006|2006-09-15	11277	3173	2804	2763	0	0	0	3	0	2534
KX000132_2006|2006-09-12	11277	3174	2804	2760	0	0	0	3	0	2536
KX000130_2004|2004-09-24	11277	3173	2802	2763	0	0	0	3	0	2536
KX000124_2004|2004-10-10	11277	3174	2803	2761	0	0	0	3	0	2536
KX000192_2004|2004-08-20	11277	3174	2805	2761	0	0	0	3	0	2534
KX000152_2004|2004-09-21	11277	3173	2805	2762	0	0	0	3	0	2534
KX000100_2004|2004-08-19	11277	3173	2806	2762	0	0	0	3	0	2533
KX000136_2005|2005-08-19	11277	3173	2804	2760	0	0	0	3	0	2537
KX000165_2005|2005-09-28	11277	3176	2802	2759	0	0	0	3	0	2537
KX000085_2006|2006-09-11	11277	3096	2717	2693	0	0	0	312	0	2459
KX000215_2007|2007-07-11	11277	3172	2803	2763	0	0	0	3	0	2536
KX000196_2007|2007-07-25	11277	3172	2803	2763	0	0	0	3	0	2536
KX000185_2007|2007-06-25	11277	3172	2803	2763	0	0	0	3	0	2536
KX000171_2007|2007-07-11	11277	3172	2803	2763	0	0	0	3	0	2536
KX000156_2007|2007-07-16	11277	3172	2803	2763	0	0	0	3	0	2536
KX000115_2007|2007-07-09	11277	3172	2803	2763	0	0	0	3	0	2536
KX000106_2007|2007-07-18	11277	3172	2803	2763	0	0	0	3	0	2536
KX000175_2006|2006-08-03	11277	3151	2782	2742	0	0	0	78	0	2524
KU840364_2005|2005-05-19	11277	3175	2805	2761	0	0	0	3	0	2533
KU840349_2002|2002-11-19	11277	3177	2801	2761	0	0	0	3	0	2535
KX000101_2002|2002-10-16	11277	3177	2806	2756	0	0	0	6	0	2532
SL19-1569_S35_2019|2019-08-29	11277	3182	2807	2756	2529	0	0	3	0	0
SL19-1516_S33_2019|2019-08-25	11277	3187	2801	2752	2534	0	0	3	0	0
19350-18_S53_2018|2018-10-09	11277	3185	2802	2753	2534	0	0	3	0	0
17667-18_S50_2018|2018-09-19	11277	3184	2802	2754	2534	0	0	3	0	0
18341-18_S51_2018|2018-09-26	11277	3185	2804	2753	2532	0	0	3	0	0
13966-17_S46_2017|2017-10-05	11277	3185	2802	2753	2534	0	0	3	0	0
18694-18_S52_2018|2018-10-01	11277	3185	2801	2752	2536	0	0	3	0	0
14098-17_S47_2017|2017-10-11	11277	3183	2802	2754	2535	0	0	3	0	0
KX029269_2013|2013-09-12	11277	3185	2803	2753	0	0	0	3	0	2533
ARB17MS510915_S16_2017|2017-08-16	11277	3186	2805	2752	2531	0	0	3	0	0
KU840359_2009|2009-06-05	11277	3183	2803	2755	0	0	0	3	0	2533
KU840339_2013|2013-04-08	11277	3177	2805	2759	0	0	0	3	0	2533
KU840298_2013|2013-04-08	11277	3177	2805	2759	0	0	0	3	0	2533
KU840292_2013|2013-01-08	11277	3179	2799	2757	0	0	0	3	0	2539
SL19-1219_S41_2019|2019-08-07	11277	3180	2800	2756	2538	0	0	3	0	0
NM19-0698_S39_2019|2019-09-23	11277	3180	2800	2756	2538	0	0	3	0	0
SL18-1166_S27_2018|2018-09-17	11277	3185	2805	2753	2531	0	0	3	0	0
9180-19_S55_2019|2019-08-08	11277	3184	2804	2753	2533	0	0	3	0	0
ARB18MS350318_S22_2018|2018-09-20	11277	3184	2804	2754	2532	0	0	3	0	0
14759-19_S80_2019|2019-09-30	11277	3183	2800	2757	2534	0	0	3	0	0
10229-19-19_S57_2019|2019-08-19	11277	3182	2800	2758	2534	0	0	3	0	0
12004-19_S68_2019|2019-08-29	11277	3183	2798	2757	2536	0	0	3	0	0
14275-19_S74_2019|2019-09-23	11277	3182	2799	2759	2534	0	0	3	0	0
19VX2817_S42_2019|2019-08-28	11277	3183	2797	2759	2535	0	0	3	0	0
CM19-2280_S38_2019|2019-09-24	11277	3179	2801	2758	2536	0	0	3	0	0
KU840327_2010|2010-08-31	11277	3182	2799	2758	0	0	0	3	0	2535
11309-19_S63_2019|2019-08-26	11277	3180	2805	2760	2529	0	0	3	0	0
KX000222_2005|2005-07-27	11277	3176	2795	2759	0	0	0	3	0	2544
KJ659366_2007|2007	11277	3177	2794	2757	0	0	0	3	0	2546
KU840303_2005|2005-07-18	11277	3175	2803	2762	0	0	0	3	0	2534
HM210095_2008|2008-02-13	11277	3174	2804	2761	0	0	0	3	0	2535
KX000179_2009|2009-09-29	11277	3178	2799	2759	0	0	0	3	0	2538
SL19-1332_S31_2019|2019-08-13	11277	3178	2800	2761	2535	0	0	3	0	0
SL19-1319_S32_2019|2019-08-13	11277	3177	2800	2762	2535	0	0	3	0	0
CC19-0533_S36_2019|2019-09-10	11277	3178	2800	2761	2535	0	0	3	0	0
SL19-0643_S40_2019|2019-07-22	11277	3178	2799	2761	2536	0	0	3	0	0
CC19-0548_S37_2019|2019-09-12	11277	3179	2800	2760	2535	0	0	3	0	0
SL19-0635_S29_2019|2019-07-22	11277	3177	2799	2762	2536	0	0	3	0	0
SL18-1204_S28_2018|2018-09-26	11277	3175	2805	2765	2529	0	0	3	0	0
13866-19_S73_2019|2019-09-17	11277	3177	2806	2764	2527	0	0	3	0	0
18VX3174_S43_2018|2018-11-01	11277	3176	2804	2765	2529	0	0	3	0	0
18VX2715_S44_2018|2018-09-19	11277	3177	2803	2764	2530	0	0	3	0	0
ARB15MS330683_S8_2015|2015-09-01	11277	3177	2795	2762	2540	0	0	3	0	0
RAB19ANI05450_S3_2019|2019-08-27	11277	3176	2806	2762	2530	0	0	3	0	0
KU840338_2014|2014-06-21	11277	3176	2806	2763	0	0	0	3	0	2529
KU840313_2010|2010-06-15	11277	3174	2802	2764	0	0	0	3	0	2534
14661-19_S79_2019|2019-09-26	11277	3178	2802	2763	2531	0	0	3	0	0
10084-19_S56_2019|2019-08-15	11277	3178	2802	2763	2531	0	0	3	0	0
KU840341_2013|2013-12-12	11277	3175	2807	2760	0	0	0	3	0	2532
KU840352_2013|2013-05-26	11277	3176	2801	2761	0	0	0	3	0	2536
RAB19ANI04511_S25_2019|2019-08-13	11277	3174	2801	2761	2538	0	0	3	0	0
ARB17MS370250_S26_2017|2017-07-26	11277	3174	2800	2761	2539	0	0	3	0	0
ARB17MS330746_S18_2017|2017-09-26	11277	3174	2800	2761	2539	0	0	3	0	0
ARB17MS260236_S17_2017|2017-09-19	11277	3174	2801	2761	2538	0	0	3	0	0
16370365_S13_2016|2016-08-17	11277	3174	2802	2761	2537	0	0	3	0	0
ARB18MS330453_S21_2018|2018-08-07	11277	3173	2801	2761	2539	0	0	3	0	0
ARB18MS330394_S19_2018|2018-07-31	11277	3173	2801	2761	2539	0	0	3	0	0
ARB18MS370301_S20_2018|2018-07-30	11277	3175	2798	2760	2541	0	0	3	0	0
KX029242_2013|2013-08-19	11277	3175	2801	2757	0	0	0	3	0	2541
KX029239_2013|2013-08-21	11277	3175	2800	2757	0	0	0	3	0	2542
KX029309_2004|2004-10-01	11277	3182	2802	2758	0	0	0	3	0	2532
KX029289_2006|2006-08-09	11277	3182	2802	2758	0	0	0	3	0	2532
KP282670_2005|2005	11277	3182	2802	2758	0	0	0	3	0	2532
KJ469556_2005|2005	11277	3182	2801	2758	0	0	0	3	0	2533
KX029303_2005|2005-08-24	11277	3182	2802	2758	0	0	0	3	0	2532
KX029252_2007|2007-07-04	11277	3182	2801	2759	0	0	0	3	0	2532
KX029297_2006|2006-09-20	11277	3183	2799	2757	0	0	0	3	0	2535
KX029266_2006|2006-09-13	11277	3182	2802	2757	0	0	0	3	0	2533
KJ469631_2005|2005	11277	3182	2801	2757	0	0	0	3	0	2534
KU840362_2005|2005-07-01	11277	3176	2799	2757	0	0	0	3	0	2542
KU840358_2003|2003-05-19	11277	3178	2798	2759	0	0	0	3	0	2539
KU840340_2003|2003-06-26	11277	3179	2802	2759	0	0	0	3	0	2534
KU840333_2008|2008-02-13	11277	3174	2805	2762	0	0	0	3	0	2533
KU840326_2004|2004-06-15	11277	3180	2801	2759	0	0	0	3	0	2534
KX000231_2010|2010-08-31	11277	3178	2797	2757	0	0	0	3	0	2542
KX000168_2009|2009-07-29	11277	3178	2797	2757	0	0	0	3	0	2542
KX000164_2009|2009-09-03	11277	3178	2797	2757	0	0	0	3	0	2542
KX000080_2010|2010-08-24	11277	3178	2797	2757	0	0	0	3	0	2542
KX000074_2009|2009-08-27	11277	3178	2797	2757	0	0	0	3	0	2542
KX000054_2010|2010-08-19	11277	3178	2797	2757	0	0	0	3	0	2542
KX000048_2010|2010-06-30	11277	3178	2797	2757	0	0	0	3	0	2542
KX000227_2009|2009-08-13	11277	3178	2798	2757	0	0	0	3	0	2541
KX000211_2009|2009-09-22	11277	3178	2796	2757	0	0	0	3	0	2543
KX000195_2011|2011-08-22	11277	3179	2797	2756	0	0	0	3	0	2542
KX000140_2010|2010-08-20	11277	3179	2797	2756	0	0	0	3	0	2542
KX000183_2009|2009-09-14	11277	3178	2796	2757	0	0	0	3	0	2543
KX000127_2010|2010-08-24	11277	3177	2797	2758	0	0	0	3	0	2542
KX000063_2009|2009-08-26	11277	3178	2796	2757	0	0	0	3	0	2543
KX000056_2010|2010-08-19	11277	3179	2797	2756	0	0	0	3	0	2542
KX000221_2011|2011-07-21	11277	3179	2798	2756	0	0	0	3	0	2541
KX000058_2011|2011-08-17	11277	3178	2798	2757	0	0	0	3	0	2541
KX000219_2010|2010-08-31	11277	3179	2797	2756	0	0	0	3	0	2542
KX000129_2011|2011-08-17	11277	3179	2797	2756	0	0	0	3	0	2542
KX000174_2011|2011-08-09	11277	3179	2798	2756	0	0	0	3	0	2541
KX000094_2011|2011-09-12	11277	3180	2796	2756	0	0	0	3	0	2542
KX000224_2011|2011-08-20	11277	3177	2798	2758	0	0	0	3	0	2541
KX000191_2010|2010-09-23	11277	3180	2797	2755	0	0	0	3	0	2542
KX000189_2010|2010-09-08	11277	3178	2797	2757	0	0	0	3	0	2542
KX000172_2010|2010-09-02	11277	3178	2795	2757	0	0	0	3	0	2544
KX000070_2008|2008-09-16	11277	3178	2797	2757	0	0	0	3	0	2542
KX000181_2014|2014-08-06	11277	3178	2798	2756	0	0	0	3	0	2542
KX000226_2009|2009-08-06	11277	3179	2797	2756	0	0	0	3	0	2542
KX000217_2009|2009-07-28	11277	3179	2797	2756	0	0	0	3	0	2542
KX000216_2006|2006-08-03	11277	3179	2797	2756	0	0	0	3	0	2542
KX000177_2009|2009-08-13	11277	3179	2797	2756	0	0	0	3	0	2542
KX000067_2009|2009-07-23	11277	3179	2797	2756	0	0	0	3	0	2542
KX000202_2009|2009-09-03	11277	3178	2797	2757	0	0	0	3	0	2542
KX000151_2009|2009-08-13	11277	3179	2798	2756	0	0	0	3	0	2541
KX000213_2008|2008-08-26	11277	3179	2797	2756	0	0	0	3	0	2542
KX000180_2008|2008-09-18	11277	3177	2797	2758	0	0	0	3	0	2542
KX000173_2008|2008-08-27	11277	3179	2797	2756	0	0	0	3	0	2542
KX000125_2008|2008-08-18	11277	3178	2797	2757	0	0	0	3	0	2542
KX000105_2008|2008-10-02	11277	3178	2797	2758	0	0	0	3	0	2541
KX000128_2009|2009-08-27	11277	3180	2799	2755	0	0	0	3	0	2540
KX000107_2009|2009-09-08	11277	3178	2799	2756	0	0	0	3	0	2541
KX000159_2008|2008-08-28	11277	3179	2795	2756	0	0	0	3	0	2544
KX000117_2008|2008-08-28	11277	3179	2795	2756	0	0	0	3	0	2544
KX000131_2008|2008-09-30	11277	3179	2797	2757	0	0	0	3	0	2541
KX000208_2010|2010-09-08	11277	3180	2796	2755	0	0	0	3	0	2543
KX000059_2009|2009-08-18	11277	3178	2800	2757	0	0	0	3	0	2539
KX000090_2010|2010-09-09	11277	3178	2798	2758	0	0	0	3	0	2540
KX000209_2011|2011-09-07	11277	3177	2795	2758	0	0	0	3	0	2544
KX000134_2011|2011-08-18	11277	3178	2794	2758	0	0	0	3	0	2544
KX000096_2011|2011-09-27	11277	3179	2796	2756	0	0	0	3	0	2543
KX000210_2010|2010-09-29	11277	3177	2800	2758	0	0	0	3	0	2539
KX000220_2011|2011-08-24	11277	3179	2795	2757	0	0	0	3	0	2543
KX000200_2011|2011-08-18	11277	3179	2796	2757	0	0	0	3	0	2542
KX000161_2011|2011-07-18	11277	3179	2796	2757	0	0	0	3	0	2542
KX000110_2011|2011-08-10	11277	3179	2796	2757	0	0	0	3	0	2542
KX000166_2011|2011-08-16	11277	3176	2796	2758	0	0	0	3	0	2544
KX000154_2011|2011-08-03	11277	3178	2795	2756	0	0	0	5	0	2543
KX000205_2010|2010-08-12	11277	3176	2799	2758	0	0	0	3	0	2541
KX000201_2012|2012-08-29	11277	3181	2798	2754	0	0	0	3	0	2541
KX000138_2011|2011-07-27	11277	3177	2800	2757	0	0	0	3	0	2540
KX000049_2011|2011-07-27	11277	3176	2802	2758	0	0	0	3	0	2538
KX000062_2011|2011-08-25	11277	3177	2797	2758	0	0	0	3	0	2542
KX000158_2011|2011-08-11	11277	3176	2796	2757	0	0	0	6	0	2542
KX000228_2010|2010-08-30	11277	3176	2797	2759	0	0	0	3	0	2542
KX000064_2009|2009-09-25	11277	3179	2799	2756	0	0	0	3	0	2540
KX000086_2002|2002-10-11	11277	3177	2797	2758	0	0	0	3	0	2542
KU840342_2001|2001-06-28	11277	3179	2796	2756	0	0	0	3	0	2543
KU840317_2001|2001-11-21	11277	3178	2798	2756	0	0	0	3	0	2542
KJ469597_2001|2001	11277	3178	2798	2756	0	0	0	3	0	2542
KX000204_2007|2007-04-26	11277	3181	2797	2754	0	0	0	3	0	2542
KX000162_2009|2009-09-22	11277	3176	2795	2758	0	0	0	3	0	2545
KU840345_2007|2007-12-18	11277	3178	2799	2757	0	0	0	3	0	2540
KJ469613_2003|2003	11277	3177	2799	2757	0	0	0	3	0	2541
KJ469606_2004|2004	11277	3178	2798	2757	0	0	0	3	0	2541
KJ469584_2004|2004	11277	3177	2798	2757	0	0	0	3	0	2542
KJ469588_2005|2005	11277	3179	2798	2756	0	0	0	3	0	2541
KJ469562_2005|2005	11277	3179	2797	2756	0	0	0	3	0	2542
KX000155_2003|2003-10-22	11277	3177	2799	2760	0	0	0	3	0	2538
KU840309_2001|2001-07-24	11277	3177	2803	2760	0	0	0	3	0	2534
KJ469628_2001|2001	11277	3175	2798	2763	0	0	0	3	0	2538
KX000122_2003|2003-10-02	11277	3176	2804	2759	0	0	0	3	0	2535
KJ469642_2003|2003	11277	3174	2804	2761	0	0	0	3	0	2535
KJ469582_2003|2003	11277	3175	2804	2760	0	0	0	3	0	2535
KX000102_2003|2003-09-30	11277	3174	2806	2760	0	0	0	3	0	2534
KU840332_2003|2003-04-22	11277	3176	2806	2759	0	0	0	3	0	2533
KU840305_2003|2003-05-06	11277	3177	2797	2759	0	0	0	3	0	2541
KJ469555_2003|2003	11277	3178	2793	2760	0	0	0	3	0	2543
KU840350_2005|2005-05-26	11277	3174	2799	2761	0	0	0	3	0	2540
KJ469568_2005|2005	11277	3174	2799	2761	0	0	0	3	0	2540
HM210097_2005|2005-05-26	11277	3174	2800	2761	0	0	0	3	0	2539
KU840296_2004|2004-06-09	11277	3176	2802	2758	0	0	0	3	0	2538
KU840375_2001|2001-06-25	11277	3171	2799	2764	0	0	0	3	0	2540
KJ469591_2001|2001	11277	3171	2799	2764	0	0	0	3	0	2540
KX029294_2009|2009-09-22	11277	3179	2797	2757	0	0	0	3	0	2541
KX029290_2010|2010-08-20	11277	3177	2798	2760	0	0	0	3	0	2539
KX029268_2009|2009-08-19	11277	3179	2797	2758	0	0	0	3	0	2540
KU840304_2008|2008-08-07	11277	3181	2793	2756	0	0	0	3	0	2544
KJ469619_2007|2007	11277	3175	2804	2761	0	0	0	3	0	2534
KX000082_2009|2009-09-23	11277	3174	2794	2762	0	0	0	3	0	2544
KU840300_2010|2010-05-11	11277	3178	2798	2760	0	0	0	3	0	2538
KJ469618_2008|2008	11277	3176	2801	2759	0	0	0	3	0	2538
KJ469647_2008|2008	11277	3181	2794	2756	0	0	0	3	0	2543
KX029283_2012|2012-09-05	11277	3178	2798	2757	0	0	0	5	0	2539
KX029256_2013|2013-09-03	11277	3178	2798	2757	0	0	0	5	0	2539
KX000206_2012|2012-08-24	11277	3178	2798	2757	0	0	0	5	0	2539
KX029235_2013|2013-08-26	11277	3179	2796	2757	0	0	0	5	0	2540
RAB15ANI05176_2015|2015-09-24	11277	3182	2795	2754	2543	0	0	3	0	0
RAB15ANI04939_2015|2015-09-02	11277	3183	2794	2754	2543	0	0	3	0	0
KX000212_2014|2014-07-29	11277	3181	2798	2758	0	0	0	3	0	2537
KX000126_2014|2014-09-06	11277	3181	2799	2758	0	0	0	3	0	2536
KX000149_2014|2014-08-07	11277	3182	2798	2757	0	0	0	3	0	2537
KU840355_2014|2014-08-18	11277	3175	2798	2761	0	0	0	3	0	2540
KX000148_2013|2013-07-29	11277	3180	2799	2760	0	0	0	3	0	2535
KX000103_2013|2013-08-14	11277	3180	2799	2760	0	0	0	3	0	2535
KX000073_2013|2013-08-23	11277	3180	2799	2760	0	0	0	3	0	2535
KX000084_2013|2013-08-05	11277	3181	2799	2759	0	0	0	3	0	2535
KX000108_2013|2013-09-07	11277	3179	2800	2760	0	0	0	3	0	2535
KX000139_2013|2013-08-25	11277	3178	2799	2761	0	0	0	3	0	2536
KX000113_2013|2013-08-05	11277	3178	2799	2761	0	0	0	3	0	2536
KU840315_2008|2008-06-13	11277	3178	2800	2760	0	0	0	3	0	2536
KU840348_2005|2005-05-25	11277	3179	2800	2758	0	0	0	3	0	2537
KU840325_2005|2005-06-23	11277	3178	2803	2759	0	0	0	3	0	2534
KJ469651_2003|2003	11277	3176	2799	2759	0	0	0	3	0	2540
KJ469646_2004|2004	11277	3176	2800	2759	0	0	0	3	0	2539
KJ469632_2004|2004	11277	3176	2800	2759	0	0	0	3	0	2539
KU840324_2010|2010-08-18	11277	3172	2796	2761	0	0	0	3	0	2545
RAB16ANI06320-01-00_S15_2016|2016-10-21	11277	3171	2794	2765	2544	0	0	3	0	0
KX000223_2014|2014-07-31	11277	3174	2798	2763	0	0	0	3	0	2539
KX000178_2013|2013-09-10	11277	3174	2799	2763	0	0	0	3	0	2538
KX000142_2013|2013-10-01	11277	3174	2800	2763	0	0	0	3	0	2537
KX000116_2014|2014-09-03	11277	3174	2800	2763	0	0	0	3	0	2537
KX000167_2013|2013-08-22	11277	3174	2799	2763	0	0	0	3	0	2538
KX000143_2014|2014-09-08	11277	3174	2799	2763	0	0	0	3	0	2538
KX000133_2014|2014-08-05	11277	3175	2800	2762	0	0	0	3	0	2537
KX000093_2014|2014-07-29	11277	3174	2799	2763	0	0	0	3	0	2538
KX000060_2014|2014-09-03	11277	3175	2801	2762	0	0	0	3	0	2536
KX000109_2014|2014-07-30	11277	3175	2799	2763	0	0	0	3	0	2537
KX000083_2013|2013-08-13	11277	3173	2800	2764	0	0	0	3	0	2537
KX000118_2013|2013-10-03	11277	3174	2800	2761	0	0	0	3	0	2539
KX000194_2013|2013-09-10	11277	3170	2798	2757	0	0	0	18	0	2534
14229-17_S49_2017|2017-10-25	11277	3170	2797	2765	2542	0	0	3	0	0
KU840376_2012|2012-06-26	11277	3174	2799	2762	0	0	0	3	0	2539
KX000123_2014|2014-09-03	11277	3175	2793	2760	0	0	0	9	0	2540
KX000121_2014|2014-09-08	11277	3174	2792	2762	0	0	0	9	0	2540
11357-16_S45_2016|2016-09-12	11277	3173	2795	2762	2544	0	0	3	0	0
15435-19_S83_2019|2019-10-17	11277	3174	2798	2760	2542	0	0	3	0	0
14311-19_S78_2019|2019-09-23	11277	3170	2799	2765	2540	0	0	3	0	0
14117-19_S75_2019|2019-09-23	11277	3170	2799	2765	2540	0	0	3	0	0
12670-19_S71_2019|2019-09-05	11277	3179	2795	2761	2539	0	0	3	0	0
15191-19_S81_2019|2019-10-07	11277	3176	2791	2757	2550	0	0	3	0	0
11403-19_S64_2019|2019-08-27	11277	3174	2791	2759	2550	0	0	3	0	0
10529-19_S59_2019|2019-08-20	11277	3174	2791	2759	2550	0	0	3	0	0
14149-19_S76_2019|2019-09-23	11277	3175	2791	2758	2550	0	0	3	0	0
11716-19_S66_2019|2019-08-28	11277	3175	2791	2758	2550	0	0	3	0	0
10278-19_S58_2019|2019-08-19	11277	3175	2791	2758	2550	0	0	3	0	0
KU840301_2014|2014-06-18	11277	3180	2796	2755	0	0	0	3	0	2543
KU840374_2013|2013-09-27	11277	3174	2795	2762	0	0	0	3	0	2543
KU840363_1994|1994-03-27	11277	3181	2803	2757	0	0	0	3	0	2533
HM210096_1994|1994-03-27	11277	3181	2803	2757	0	0	0	3	0	2533
KJ469602_1996|1996	11277	3183	2804	2755	0	0	0	3	0	2532
KJ469616_1994|1994	11277	3185	2796	2751	0	0	0	3	0	2542
KJ469638_1989|1989	11277	3181	2799	2760	0	0	0	3	0	2534
KJ469610_1990|1990	11277	3182	2796	2759	0	0	0	3	0	2537
KU840351_2001|2001-10-24	11277	3182	2786	2754	0	0	0	3	0	2552
KU840307_2005|2005-06-28	11277	3185	2786	2752	0	0	0	3	0	2551
KJ469561_2005|2005	11277	3185	2786	2752	0	0	0	3	0	2551
KU840291_1991|1991-08-02	11277	3185	2792	2753	0	0	0	3	0	2544
KU840311_2008|2008-03-19	11277	3180	2782	2755	0	0	0	3	0	2557
KU840354_1994|1994-08-03	11277	3184	2788	2758	0	0	0	3	0	2544
KJ469577_1994|1994	11277	3184	2788	2758	0	0	0	3	0	2544
KJ469639_1983|1983	11277	3178	2799	2759	0	0	0	3	0	2538
KJ469634_1989|1989	11277	3180	2808	2755	0	0	0	3	0	2531
KJ469559_2009|2009	11277	3184	2804	2752	0	0	0	3	0	2534
KJ469573_1982|1982	11277	3177	2804	2759	0	0	0	3	0	2534
KJ469587_1983|1983	11277	3183	2805	2753	0	0	0	3	0	2533
PY19-0166_S30_2019|2019-07-23	11277	3183	2809	2757	2525	0	0	3	0	0
KX029319_2013|2013-08-27	11277	3177	2802	2764	0	0	0	3	0	2531
KX029279_2013|2013-10-07	11277	3177	2803	2765	0	0	0	3	0	2529
KX029274_2014|2014-08-11	11277	3176	2802	2766	0	0	0	3	0	2530
KX029232_2014|2014-07-15	11277	3176	2802	2766	0	0	0	3	0	2530
KX029260_2014|2014-08-04	11277	3176	2803	2766	0	0	0	3	0	2529
KU840302_2004|2004-06-29	11277	3182	2800	2760	0	0	0	3	0	2532
KU840331_2010|2010-06-23	11277	3179	2802	2758	0	0	0	3	0	2535
KU840368_2012|2012-01-06	11277	3191	2800	2754	0	0	0	0	0	2532
